x,y,f_x,f_y
-0.43054634471004094,-8.008936913627032,1.901241861578122,-1.7221853788401638
-0.4115339260942597,-8.026158767415433,1.9094585235957022,-1.6461357043770388
-0.3924393408583027,-8.042620124459203,1.9175767466210611,-1.5697573634332107
-0.37326357339209204,-8.058317698093536,1.925592964646763,-1.4930542935683682
-0.35400764374562443,-8.07324824102922,1.9335035137355001,-1.4160305749824977
-0.3346726086082694,-8.087408546779045,1.9413046322869403,-1.3386904344330777
-0.31525956228540003,-8.100795451123377,1.9489924614331604,-1.2610382491416001
-0.29576963767106845,-8.113405833614793,1.9565630455693335,-1.1830785506842738
-0.27620400721537514,-8.125236619121637,1.9640123330264039,-1.1048160288615005
-0.2565638838851111,-8.136284779410252,1.9713361768925242,-1.0262555355404444
-0.23685052211618585,-8.146547334765657,1.9785303359900683,-0.9474020884647434
-0.21706521875628515,-8.156021355650305,1.9855904760150311,-0.8682608750251406
-0.19720931399613484,-8.164703964400557,1.9925121708456217,-0.7888372559845394
-0.1772841922876786,-8.172592336960403,1.9992909040268108,-0.7091367691507144
-0.1572912832474105,-8.179683704651909,2.005922070437536,-0.629165132989642
-0.13723206254303516,-8.185975355981805,2.0124009781471766,-0.5489282501721406
-0.11710805276156339,-8.191464638483525,2.018722850467789,-0.46843221104625354
-0.0969208242568855,-8.196148960593987,2.02488282820845,-0.387683297027542
-0.076671995974801,-8.200025793564263,2.030875972137867,-0.306687983899204
-0.05636323625342232,-8.203092673403255,2.036697265661214,-0.2254529450136893
-0.035996263596810185,-8.205347202853392,2.042341617716887,-0.14398505438724074
-0.015572847419641316,-8.206787053397266,2.0478038658985978,-0.06229138967856526
0.004905191239344662,-8.207409967294051,2.0530787798079073,0.019620764957378647
0.025435979037423735,-8.207213759644478,2.058161064641926,0.10174391614969494
0.046017589683842994,-8.20619632048298,2.063045365020513,0.18407035873537198
0.06664804333404813,-8.204355616895628,2.067726269056877,0.2665921733361925
0.0873253060246169,-8.201689695162266,2.0721983126749692,0.3493012240984676
0.10804728915136659,-8.198196682921282,2.0764559841765644,0.43218915660546636
0.12881184899313225,-8.193874791355228,2.0804937290603314,0.515247395972529
0.14961678628373556,-8.188722317395502,2.0843059550946,0.5984671451349423
0.17045984583468157,-8.182737645944153,2.0878870376448577,0.6818393833387263
0.19133871621113016,-8.175919252110765,2.0912313252563246,0.7653548648445206
0.2122510294636934,-8.16826570346232,2.094333145491202,0.8490041178547736
0.2331943609186054,-8.159775662283772,2.0971868110194096,0.9327774436744216
0.2541662290287995,-8.150447887847028,2.099786625960794,1.016664916115198
0.2751640952884074,-8.140281238685876,2.102126892475935,1.1006563811536296
0.29618536421316677,-8.12927467487434,2.1042019176017495,1.184741456852667
0.31722738338918427,-8.117427260305814,2.1060060203271727,1.268909533556737
0.338287443592456,-8.104738164970247,2.1075335389032,1.353149774369824
0.359362778981488,-8.091206667226547,2.108778838380576,1.437451115925952
0.38045056736529376,-8.076832156067288,2.109736318367371,1.521802269461175
0.4015479305489675,-8.061614133372677,2.110400420997612,1.60619172219587
0.4226519347589436,-8.045552216150718,2.110765639101075,1.6906077390357743
0.44375959114995434,-8.02864613876036,2.1108265245632043,1.7750383645998173
0.46486785639558637,-8.010895755114362,2.1105776968630376,1.8594714255823455
0.48597363336421673,-7.992301040858538,2.110013851775861,1.943894533456867
0.5070737718819753,-7.972862095523969,2.109129770226207,2.0282950875279013
0.5281650695842374,-7.95257914464869,2.1079203272756692,2.1126602783369495
0.5492442728569941,-7.931452541865321,2.106380501228881,2.1969770914279763
0.5703080778692828,-7.909482770951041,2.104505382839908,2.2812323114771313
0.5913531316976819,-7.88667044783627,2.1022901846002005,2.3654125267907276
0.6123760335436839,-7.863016322568362,2.0997302500882125,2.4495041341747354
0.633373336044566,-7.8385212812266145,2.0968210633597377,2.533493344178264
0.6543415466781634,-7.813186347784832,2.0935582583570493,2.6173661867126534
0.6752771292617339,-7.787012685917706,2.0899376283139777,2.7011085170469356
0.6961765055448736,-7.760001600747236,2.0859551351331795,2.7847060221794946
0.7170360568962054,-7.732154540525441,2.081606918711033,2.8681442275848217
0.7378521260833157,-7.703473098249592,2.0768893061848344,2.951408504333263
0.7586210191451641,-7.67395901320626,2.071798821076306,3.0344840765806564
0.7793390073559272,-7.643614172440453,2.066332192304819,3.117356029423709
0.8000023292789754,-7.612440612146217,2.0604863630432626,3.2000093171159016
0.8206071929094081,-7.580440518975058,2.0542584993890545,3.2824287716376324
0.8411497779032986,-7.547616231258681,2.047645998822516,3.3645991116131944
0.8616262378915237,-7.513970240142549,2.040646498424636,3.446504951566095
0.8820327028757701,-7.479505190626888,2.0332578828261827,3.5281308115030803
0.9023652817040319,-7.444223882511857,2.0254782918601575,3.6094611268161274
0.9226200646226335,-7.408129271243696,2.0173061278897735,3.690480258490534
0.9427931259015312,-7.371224468658791,2.0087400627844403,3.7711725036061248
0.9628805265293756,-7.333512743622729,1.9997790445166574,3.8515221061175025
0.9828783169745422,-7.294997522561554,1.9904223033533064,3.931513267898169
1.0027825400080752,-7.255682389882573,1.9806693576155239,4.011130160032301
1.0225892335842304,-7.21557108828225,1.970520018982179,4.0903569343369215
1.042294433774052,-7.174667518938881,1.959974397312957,4.169177735096208
1.0618941777471815,-7.132975741587918,1.9490329049681638,4.247576710988726
1.0813845067968633,-7.090499974478031,1.9376962606036057,4.325538027187453
1.1007614694028993,-7.047244594206156,1.9259654924202747,4.403045877611597
1.120021124327102,-7.00321413543004,1.913841940850073,4.480084497308408
1.1391595437356028,-6.9584132904569564,1.901327260660421,4.556638174942411
1.158172816342207,-6.912846908707532,1.888423422462338,4.632691265368828
1.1770570505668303,-6.866519996053844,1.8751327136084226,4.708228202267321
1.1958083777029145,-6.819437714031171,1.861457738469101,4.783233510811658
1.2144229550876056,-6.771605378923054,1.8474014180775449,4.857691820350422
1.232896969268381,-6.72302846071955,1.8329669891357836,4.931587877073524
1.2512266391597389,-6.673712581948815,1.8181580023767037,5.0049065566389555
1.2694082191835059,-6.623663516382425,1.8029783202788972,5.0776328767340235
1.2874380023862948,-6.572887187615085,1.7874321141335938,5.149752009545179
1.3053123235276307,-6.5213896675196334,1.7715238604652592,5.221249294110523
1.3230275621322833,-6.469177174578528,1.7552583368097816,5.292110248529133
1.3405801455003812,-6.416256072093237,1.7386406168565451,5.362320582001525
1.3579665516689465,-6.362632866273222,1.7216760649630407,5.431866206675786
1.375183312318577,-6.3083142042064635,1.7043703300530133,5.500733249274308
1.3922270156191072,-6.25330687171372,1.6867293389114604,5.568908062476429
1.4090943090082217,-6.197617791088956,1.6687592888920622,5.636377236032887
1.4257819018971423,-6.1412540187286275,1.650466640054843,5.703127607588569
1.4422865682976906,-6.0842227426527415,1.6318581067540034,5.769146273190763
1.4586051493652308,-6.0265312799208335,1.6129406486979279,5.834420597460923
1.47473455585221,-5.968187073946225,1.5937214615053312,5.89893822340884
1.4906717704672634,-5.909197691712136,1.5742079667833768,5.962687081869054
1.5064138501350972,-5.849570820893446,1.5544078017553353,6.025655400540389
1.5219579281526505,-5.7893142668880415,1.534328808466971,6.087831712610602
1.5373012162373203,-5.728435949761936,1.5139790226023202,6.149204864949281
1.5524410064633436,-5.666943901112443,1.493366661940865,6.209764025853374
1.5673746730827522,-5.604846260853909,1.4725001144892822,6.269498692331009
1.582099674227645,-5.5421512739306,1.4513879263219778,6.32839869691058
1.5966135534908648,-5.478867286961494,1.430038789165478,6.386454213963459
1.6109139413825195,-5.41500274482186,1.40846152776244,6.443655765530078
1.624998556660144,-5.350566187166558,1.386665087051577,6.499994226640576
1.6388652075306598,-5.285566244900153,1.3646585192001472,6.555460830122639
1.6525117927226614,-5.220011636598926,1.34245097052583,6.610047170890645
1.6659363024279197,-5.15391116489002,1.320051668344846,6.663745209711679
1.6791368191113683,-5.087273712792903,1.2974699077830032,6.716547276445473
1.6921115181891984,-5.020108240028448,1.274715038586051,6.768446072756793
1.7048586685750589,-4.95242377930088,1.2517964519652236,6.819434674300235
1.7173766330947111,-4.884229432557878,1.2287235675132417,6.8695065323788445
1.7296638687698436,-4.81553436723409,1.2055058202252367,6.918655475079374
1.7417189269720958,-4.746347812483296,1.1821526476581496,6.966875707888383
1.7535404534486774,-4.676679055404412,1.1586734772610883,7.0141618137947095
1.7651271882212882,-4.606537437266464,1.1350777139079387,7.060508752885153
1.7764779653603675,-4.535932349737613,1.1113747276622352,7.10591186144147
1.7875917126369898,-4.464873231123199,1.0875738418028702,7.150366850547959
1.7984674510550185,-4.393369562617719,1.0636843211377298,7.193869804220074
1.8091042942663957,-4.321430864575519,1.0397153606307514,7.236417177065583
1.8195014478727032,-4.249066692804863,1.015676074366226,7.278005791490813
1.8296582086163655,-4.176286634889955,0.9915754848724545,7.318632834465462
1.83957396346509,-4.103100306545301,0.9674225128250737,7.35829585386036
1.8492481885933407,-4.0295173480066975,0.9432259671485572,7.396992754373363
1.8586804482648263,-3.9555474204629637,0.9189945355325431,7.434721793059305
1.8678703936201517,-3.8812002025323706,0.8947367753777731,7.471481574480607
1.8768177613739294,-3.8064853867875645,0.870461105184549,7.507271045495718
1.8855223724257748,-3.7314126763326074,0.8461757963947394,7.542089489703099
1.8939841303897222,-3.6559917814355765,0.82188896569651,7.575936521558889
1.9022030200466873,-3.5802324162199874,0.7976085677991103,7.608812080186749
1.9101791057246784,-3.50414429541812,0.7733423886832316,7.640716422898714
1.9179125296115107,-3.427737131189133,0.7490980393306996,7.671650118446043
1.9254035100048177,-3.3510206300046725,0.7248829499355192,7.701614040019271
1.9326523395041728,-3.2740044896044798,0.7007043645966402,7.730609358016691
1.9396593831501392,-3.196698396024313,0.6765693364911909,7.758637532600557
1.946425076515051,-3.1191120206983074,0.6524847235253912,7.785700306060204
1.952949923750305,-3.0412550176377056,0.6284571844588843,7.81179969500122
1.9592344955948937,-2.9631370206876935,0.6044931754968361,7.836937982379575
1.9652794273498622,-2.8847676408638976,0.5805989473428295,7.861117709399449
1.9710854168232905,-2.806156463769903,0.5567805427043631,7.884341667293162
1.9766532222503341,-2.7273130470969713,0.5330437942416033,7.9066128890013365
1.98198366019275,-2.648246918206958,0.5093943229489959,7.927934640771
1.98707760342224,-2.5689675717992477,0.4858375369583625,7.94831041368896
1.9919359787918236,-2.489484467662358,0.4623786307512358,7.967743915167294
1.9965597650993359,-2.409807028510685,0.43902258476739153,7.986239060397343
2.0009499909470096,-2.3299446379067117,0.4157741653958349,8.003799963788039
2.005107732600968,-2.2499066382688313,0.3926379253338844,8.020430930403872
2.009034111854307,-2.1697023289647928,0.3696182042994697,8.036136447417228
2.0127302938973015,-2.0893409644906207,0.34671913008130983,8.050921175589206
2.0161974851981146,-2.0088317527347286,0.32394461991128565,8.064789940792458
2.0194369313972276,-1.928183853326804,0.3012983821430274,8.07774772558891
2.0224499152186577,-1.847406376070915,0.27878391822053766,8.08979966087463
2.0252377544008633,-1.7665083794621688,0.25640452492053367,8.100951017603453
2.0278017996500686,-1.6854988692861341,0.23416329685213366,8.111207198600274
2.03014343261859,-1.6043867973001313,0.2120631291975031,8.12057373047436
2.032264063910565,-1.5231810599953877,0.19010672067715745,8.12905625564226
2.0341651311173363,-1.441890497438965,0.16829657672372256,8.136660524469345
2.0358480968845734,-1.3605238921942715,0.14663501284814584,8.143392387538293
2.037314447013055,-1.2790899683188885,0.12512415818257083,8.14925778805222
2.0385656885948804,-1.1975973904383663,0.10376595918436254,8.154262754379522
2.039603348186724,-1.1160547628945712,0.08256218348608746,8.158413392746896
2.0404289700215847,-1.0344706289671022,0.0615144238766091,8.161715880086339
2.041044114260351,-0.9528534701662388,0.0406241023988429,8.164176457041403
2.041450355284339,-0.8712117055958247,0.019892474550138345,8.165801421137356
2.0416492800298403,-0.7895536913844512,-6.793664283010203e-4,8.166597120119361
2.041642486365557,-0.7078877201832576,-0.021090485186077756,8.166569945462228
2.0414315815136965,-0.6262220207286353,-0.041340099834973276,8.165726326054786
2.041018180515347,-0.5445647574680874,-0.06142757746915767,8.164072722061388
2.0404039047406552,-0.46292403024747353,-0.08135242964584821,8.161615618962621
2.0395903804441966,-0.38130787405784733,-0.10111430783749535,8.158361521776786
2.0385792373658216,-0.29972425884007947,-0.12071299886604425,8.154316949463286
2.0373721073771613,-0.2181810893454466,-0.140148420329278,8.149488429508645
2.035970623173869,-0.13668620505036017,-0.15942061602871377,8.143882492695475
2.034376417013582,-0.05524738012340541,-0.17852975140797517,8.137505668054327
2.032591119499502,0.026127676557137866,-0.19747610901003504,8.130364477998008
2.0306163584094015,0.10743132133711794,-0.2162600839611847,8.122465433637606
2.0284537575697894,0.18865597567349401,-0.23488217948906137,8.113815030279158
2.0261049357748986,0.2697941259762856,-0.2533430024815516,8.104419743099594
2.023571505750083,0.35083832340728155,-0.27164325909287795,8.094286023000333
2.0208550731591544,0.4317811836372849,-0.2897837504026767,8.083420292636617
2.0179572356551274,0.5126153865636511,-0.3077653681334007,8.07182894262051
2.0148795819737932,0.5933336759898562,-0.3255890904308995,8.059518327895173
2.0116236910694845,0.673928859268808,-0.34325597771257793,8.046494764277938
2.008191131292359,0.7543938069115873,-0.3607671685870951,8.032764525169435
2.0045834596064878,0.8347214521632816,-0.37812387584913576,8.018333838425951
2.0008022208479965,0.9149047905475411,-0.39532738255238,8.003208883391986
1.9968489470224726,0.994936879381461,-0.41237903816340155,7.9873957880898905
1.9927251566408386,1.07481083726236,-0.42928025479885185,7.970900626563354
1.9884323540928501,1.1545198435279935,-0.4460325035479253,7.9537294163714005
1.9839720290573708,1.2340571376917076,-0.4626373108817619,7.935888116229483
1.9793456559485532,1.3134160188540025,-0.4790962551511161,7.917382623794213
1.974554693397042,1.3925898450919447,-0.49541096317331407,7.898218773588168
1.9696005837653088,1.4715720328278263,-0.5115831069092319,7.878402335061235
1.9644847526962164,1.5503560561784386,-0.5276144002307497,7.8579390107848655
1.959208608693909,1.6289354462862873,-0.5435065957788829,7.836834434775636
1.95377354273612,1.7073037906340436,-0.5592614819125469,7.81509417094448
1.9481809279169946,1.7854547323434884,-0.5748808797476865,7.792723711667978
1.9424321191195177,1.863381969460168,-0.5903666402862926,7.769728476478071
1.9365284527166549,1.9410792542249489,-0.6057206416346292,7.746113810866619
1.9304712463003086,2.018540392333615,-0.6209447863098165,7.721884985201235
1.9242617984372106,2.0957592421856277,-0.6360409986337449,7.697047193748842
1.917901388450873,2.172729714123116,-0.6510112222131457,7.671605553803492
1.9113912762287417,2.249445769661151,-0.6658574175044971,7.645565104914967
1.9047327020536968,2.325901420710301,-0.6805815594623221,7.618930808214787
1.8979268864590737,2.402090728792449,-0.6951856352693135,7.591707545836295
1.8909750301063806,2.478007804250812,-0.7096716421466199,7.563900120425522
1.8838783136849144,2.553646805455067,-0.7240415852425299,7.535513254739658
1.8766378978324891,2.629001938002464,-0.7382974755977079,7.5065515913299565
1.869254923076512,2.7040674539157634,-0.7524413281850615,7.477019692306048
1.8617305097946615,2.778837650838824,-0.7664751600222588,7.446922039178646
1.8540657581944389,2.85330687123061,-0.7804009883548468,7.4162630327777554
1.8462617483108903,2.9274695015583876,-0.7942208289078909,7.385046993243561
1.8383195400218113,3.0013199714908234,-0.8079366942039989,7.353278160087245
1.8302401730797713,3.074852753091696,-0.8215505919455713,7.320960692319085
1.8220246671603155,3.1480623600148867,-0.8350645234590863,7.288098668641262
1.8136740219257246,3.2209433467012993,-0.8484804821992158,7.254696087702898
1.8051892171037325,3.2934903075783284,-0.8618004523105447,7.22075686841493
1.796571212580627,3.3656978762624776,-0.875026407244667,7.186284850322508
1.7878209485081804,3.4375607247657025,-0.8881603084304225,7.151283794032722
1.7789393454238762,3.5090735627060297,-0.9012041039950427,7.115757381695505
1.7699273043839259,3.580231136522985,-0.9141597275339773,7.0797092175357035
1.7607857071085862,3.6510282286983418,-0.927029096927186,7.043142828434345
1.7515154161393143,3.721459656982685,-0.9398141131996898,7.006061664557257
1.7421172750073173,3.7915202736282576,-0.9525166594241947,6.968469100029269
1.7325921084130753,3.8612049646285502,-0.9651385996636208,6.930368433652301
1.722940722416439,3.9305086489650733,-0.9776817779513893,6.891762889665756
1.7131639046369251,3.999426277861731,-0.9901480173073498,6.8526556185477006
1.7032624244638517,4.067952834047208,-1.002539118787251,6.813049697855407
1.6932370332759792,4.1360833310257625,-1.0148568605636927,6.772948133103917
1.6830884646703423,4.2038128123568015,-1.027102997036525,6.732353858681369
1.6728174346999771,4.271136350943615,-1.0392792579706933,6.6912697387999085
1.6624246421202702,4.338049048331614,-1.0513873476595625,6.649698568481081
1.6519107686436745,4.404546034016425,-1.0634289441117877,6.607643074574698
1.6412764792025567,4.470622464762172,-1.0754056982598381,6.565105916810227
1.6305224222199584,4.536273523930275,-1.0873192331883126,6.522089688879833
1.6196492298880751,4.601494420819073,-1.0991711433802287,6.4785969195523005
1.6086575184542729,4.666280390014595,-1.1109629939795052,6.434630073817091
1.5975478885144778,4.730626690752766,-1.1226963200678903,6.390191554057911
1.5863209253137989,4.794528606293345,-1.1343726259546432,6.3452837012551955
1.5749771990542525,4.8579814433058965,-1.1459933844772972,6.29990879621701
1.5635172652094795,4.920980531268067,-1.1575600363118932,6.254069060837918
1.5519416648463606,4.983521221876446,-1.1690739892910962,6.207766659385443
1.5402509249534497,5.0455988884703,-1.1805366177286654,6.161003699813799
1.5284455587761632,5.107208925468438,-1.1919492617487748,6.113782235104653
1.5165260661586755,5.168346747819484,-1.2033132266187363,6.066104264634702
1.5044929338924882,5.229007790465832,-1.2146297820837122,6.017971735569953
1.492346636071651,5.289187507821532,-1.2259001617020493,5.969386544286604
1.4800876344546305,5.348881373264398,-1.2371255621799098,5.920350537818522
1.4677163788328313,5.408084878642583,-1.248307142703918,5.870865515331325
1.4552333074057922,5.466793533795896,-1.2594460242705834,5.820933229623169
1.4426388471630862,5.525002866092128,-1.2705432890113089,5.770555388652345
1.4299334142729732,5.582708419978652,-1.2815999795118322,5.719733657091893
1.4171174144778549,5.639905756549571,-1.292617098124999,5.6684696579114195
1.4041912434966048,5.696590453128685,-1.303595606275806,5.616764973986419
1.3911552874338469,5.752758102868549,-1.3145364237577062,5.5646211497353875
1.3780099231962697,5.808404314365903,-1.3254404280192043,5.512039692785079
1.3647555189160776,5.8635247112937545,-1.3363084534398288,5.45902207566431
1.3513924343816792,5.918114932050398,-1.3471412905946105,5.405569737526717
1.337921021475733,5.972170629425665,-1.3579396855062429,5.351684085902932
1.3243416246206707,6.025687470284694,-1.368704338884159,5.297366498482683
1.310654581231829,6.078661135269521,-1.3794359053498018,5.242618324927316
1.296860222178331,6.131087318518794,-1.3901349926474222,5.187440888713324
1.2829588722518568,6.182961727405928,-1.4008021608397956,5.131835489007427
1.2689508506434588,6.234280082296002,-1.411437921488292,5.075803402573835
1.2548364714285758,6.285038116321741,-1.4220427368168072,5.019345885714303
1.2406160440604077,6.3352315751788835,-1.4326170188591063,4.962464176241631
1.2262898738718166,6.3848562169413,-1.443161128589201,4.905159495487267
1.2118582625859247,6.433907811896172,-1.4536753750344402,4.847433050343699
1.1973215088355802,6.482382142399609,-1.4641600143710558,4.789286035342321
1.1826799086918696,6.530275002753032,-1.4746152490019786,4.730719634767478
1.1679337562018497,6.577582199100707,-1.485041226616798,4.671735024807399
1.1530833439356818,6.624299549348781,-1.4954380392338196,4.612333375742727
1.1381289635433436,6.670422883106209,-1.505805722224243,4.552515854173374
1.123070906321101,6.715948041647943,-1.5161442533185587,4.492283625284404
1.1079094637879154,6.760870877900787,-1.5264535515953448,4.431637855151662
1.092644928271962,6.805187256452304,-1.536733476452721,4.370579713087848
1.0772775935074348,6.848893053583183,-1.5469838265628097,4.309110374029739
1.0618077552418066,6.89198415732348,-1.5572043388096355,4.247231020967226
1.0462357118537102,6.934456467533153,-1.567394687210988,4.184942847414841
1.0305617649816003,6.976305896007301,-1.5775544818248726,4.122247059926401
1.0147862201633515,7.017528366606565,-1.58768326764126,4.059144880653406
0.9989093874869389,7.058119815413099,-1.5977805234599645,3.9956375499477557
0.9829315822523392,7.098076190912577,-1.6078456607555722,3.931726329009357
0.9668531256447835,7.1373934542026705,-1.6178780225304545,3.867412502579134
0.950674345419479,7.176067579228461,-1.6278768821570224,3.802697381677916
0.9343955765979088,7.214094553045241,-1.637841442210482,3.7375823063916354
0.918017162175804,7.2514703761091575,-1.6477708332934844,3.672068648703216
0.9015394538428692,7.28819106259619,-1.6576641128541842,3.6061578153714766
0.8849628127143273,7.324252640749904,-1.667520263999347,3.5398512508573092
0.8682876100743339,7.359651153258477,-1.6773381943042878,3.4731504402973354
0.851514228131291,7.394382657661451,-1.687116734621552,3.406056912525164
0.8346430607850754,7.428443226786703,-1.6968546378903993,3.3385722431403018
0.8176745144061714,7.461828949218106,-1.7065505779492907,3.270698057624686
0.8006090086266785,7.494535929794353,-1.716203148353734,3.202436034506714
0.7834469771431412,7.52656029013942,-1.7258108612019927,3.1337879085725646
0.7661888685311212,7.557898169225146,-1.7353721459713198,3.064755474124485
0.7488351470714081,7.588545723966391,-1.7448853483675475,2.9953405882856323
0.7313862935877327,7.618499129849247,-1.7543487291910136,2.9255451743509306
0.7138428062958225,7.647754581592756,-1.763760463221986,2.85537122518329
0.6962052016636027,7.676308293844589,-1.7731186381289097,2.7848208066544107
0.6784740152823135,7.704156501911133,-1.7824212534029729,2.713896061129254
0.6606498027482838,7.731295462522426,-1.7916662193226718,2.642599210993135
0.642733140555057,7.757721454632358,-1.8008513559522197,2.570932562220228
0.6247246269955349,7.78343078025456,-1.8099743921778302,2.4988985079821395
0.6066248830737566,7.808419765334381,-1.819032964786087,2.4264995322950265
0.5884345534258958,7.832684760657331,-1.8280246175887842,2.353738213703583
0.5701543072500079,7.856222142794367,-1.8369468005988068,2.2806172290000317
0.5517848392440199,7.879028315084367,-1.8457968692618,2.2071393569760795
0.5333268705514019,7.901099708654129,-1.85457208374855,2.1333074822056077
0.5147811497139164,7.922432783476185,-1.863269608313177,2.0591245988556657
0.49614845363078464,7.943024029464741,-1.871886510722416,1.9845938145231385
0.4774295885235605,7.962869967609972,-1.8804197617614244,1.909718354094242
0.45862539090594623,7.981967151150915,-1.888866234821725,1.834501563623785
0.439736728557729,8.000312166787152,-1.897222705577048,1.758946914230916
0.42076450150195854,8.017901635929462,-1.905485851752993,1.6830580060078342
0.4017096429844286,8.034732215989541,-1.9136522529965683,1.6068385719377145
0.38257312045446296,8.050800601708918,-1.9217183908518127,1.5302924818178518
0.36335593654594484,8.066103526527096,-1.9296806488478169,1.4534237461837793
0.3440591300574667,8.080637763988934,-1.937535312705587,1.3762365202298668
0.32468377693041084,8.094400129191232,-1.9452785706702909,1.2987351077216434
0.30523099122370795,8.107387480268448,-1.9529065139755164,1.2209239648948318
0.2857019260839528,8.119596719917396,-1.960415137446244,1.1428077043358111
0.26609777470949036,8.131024796960755,-1.9678003402472906,1.0643910988379615
0.24641977130701745,8.141668707949135,-1.9750579267840231,0.9856790852280698
0.2266691920391772,8.151525498801416,-1.9821836077621573,0.9066767681567088
0.20684735596155562,8.160592266482983,-1.9891730014134505,0.8273894238462225
0.18695562594742113,8.168866160721445,-1.9960216348940778,0.7478225037896845
0.16699540959848036,8.176344385759341,-2.0027249458624223,0.6679816383939214
0.14696816013985614,8.18302420214328,-2.0092782842429444,0.5878726405594246
0.1268753772974267,8.188902928548874,-2.0156769141826785,0.5075015091897068
0.10671860815559991,8.193977943640771,-2.0219160162067786,0.42687443262239966
0.08649944799353212,8.198246687966995,-2.0279906895793736,0.3459977919741285
0.0662195410977384,8.201706665886736,-2.033895954875782,0.2648781643909536
0.04588058154898057,8.204355447530645,-2.039626756771921,0.1835223261959223
0.025484313981261365,8.206190670792605,-2.0451779670564627,0.10193725592504546
0.005032534310696737,8.207210043351855,-2.0505443878710006,0.02013013724278695
-0.015472909568013268,8.207411344724283,-2.055720755183133,-0.06189163827205307
-0.03603011711984459,8.206792428341563,-2.0607017424970056,-0.14412046847937837
-0.05663713454481465,8.20535122365677,-2.065481964805412,-0.2265485381792586
-0.07729195419286877,8.203085738274977,-2.0700559827871103,-0.3091678167714751
-0.09799251402073988,8.199994060107262,-2.074418307252491,-0.39197005608295954
-0.1187366970932648,8.196074359546431,-2.0785634038401932,-0.4749467883730592
-0.13952233113166673,8.1913248916627,-2.082485697966664,-0.5580893245266669
-0.16034718811133336,8.185743998417434,-2.0861795800300373,-0.6413887524453334
-0.18120898391163373,8.17933011089298,-2.0896394108690073,-0.7248359356465349
-0.2021053780203238,8.172081751536515,-2.09285952747667,-0.8084215120812952
-0.2230339732950905,8.163997536415701,-2.0958342489685298,-0.892135893180362
-0.24399231578477582,8.155076177483897,-2.0985578828030573,-0.9759692631391033
-0.2649778946128064,8.145316484852506,-2.1010247312523544,-1.0599115784512256
-0.28598814192532995,8.134717369067994,-2.1032290981195705,-1.1439525677013198
-0.30702043290652564,8.123277843390982,-2.105165295698808,-1.2280817316261026
-0.3280720858635137,8.11099702607472,-2.1068276519722873,-1.3122883434540549
-0.3491403623832366,8.09787414264018,-2.108210518038538,-1.3965614495329464
-0.370222467563622,8.08390852814485,-2.1093082757643735,-1.480889870254488
-0.3913155503212657,8.069099629442304,-2.1101153456523423,-1.5652622012850628
-0.4124167037777891,8.053447007429453,-2.110626194914269,-1.6496668151111564
-0.4335229657269318,8.036950339278341,-2.110835345740419,-1.734091862907727
-0.45463131918433597,8.019609420649264,-2.110737383752682,-1.8185252767373439
-0.4757386930218628,8.00142416788189,-2.110326966629067,-1.9029547720874511
-0.49684196268815345,7.982394620161015,-2.1095988328856627,-1.9873678507526138
-0.5179379510170101,7.962520941653489,-2.1085478108010784,-2.0717518040680405
-0.5390234291250209,7.941803423612809,-2.1071688274672686,-2.1560937165000835
-0.5600951173996935,7.920242486447808,-2.105456917949514,-2.240380469598774
-0.5811496865791886,7.8978386817518205,-2.103407234537244,-2.3245987463167546
-0.6021837589245611,7.874592694288653,-2.101015056066302,-2.4087350356982444
-0.6231939094852241,7.850505343931671,-2.0982757972922106,-2.4927756379408965
-0.6441766674581463,7.825577587552262,-2.0951850182929923,-2.576706669832585
-0.6651285176410762,7.799810520853936,-2.091738433879129,-2.6605140705643047
-0.6860459019798675,7.773205380148293,-2.087931922987337,-2.74418360791947
-0.7069252212097409,7.745763544069098,-2.083761538033978,-2.8277008848389635
-0.7277628365900807,7.717486535220709,-2.079223514203142,-2.9110513463603227
-0.7485550717321121,7.688376021757105,-2.0743142786437296,-2.9942202869284484
-0.7692982145185494,7.658433818887821,-2.0690304595492073,-3.0771928580741976
-0.7899885191140414,7.627661890307079,-2.0633688950932,-3.1599540764561658
-0.8106222080649734,7.5960623495425175,-2.057326642193604,-3.2424888322598937
-0.8311954744869094,7.563637461219918,-2.0509009850775644,-3.324781897947638
-0.8517044843376851,7.530389642240442,-2.0440894436194306,-3.4068179373507403
-0.8721453787738794,7.496321462866934,-2.0368897814236515,-3.4885815150955177
-0.892514276588116,7.461435647715979,-2.0293000136245887,-3.570057106352464
-0.9128072767243619,7.425735076652455,-2.0213184143753073,-3.6512291068974476
-0.933020460868115,7.38922278558348,-2.0129435239976803,-3.73208184347246
-0.9531498961080918,7.3519019671487555,-2.004174155766473,-3.812599584432367
-0.9731916376657564,7.313775971304432,-1.9950094023006075,-3.892766550663026
-0.9931417316887625,7.274848305797802,-1.985448641535431,-3.97256692675505
-1.0129962181041168,7.235122636530251,-1.9754915422505865,-4.051984872416467
-1.0327511335266226,7.194602787806087,-1.9651380691289984,-4.1310045341064905
-1.0524025142179125,7.1532927424650214,-1.9543884873235298,-4.20961005687165
-1.0719463990911478,7.111196641896305,-1.9432433665090494,-4.287785596364591
-1.0913788327562381,7.068318785932659,-1.931703584398954,-4.365515331024953
-1.1106958686002277,7.02466363262241,-1.9197703297066346,-4.442783474400911
-1.129893571897294,6.980235797878401,-1.9074451045339385,-4.519574287589176
-1.1489680229426333,6.935040055002509,-1.894729726170352,-4.595872091770533
-1.1679153202043369,6.889081334084803,-1.8816263282884318,-4.671661280817347
-1.1867315834872212,6.84236472127663,-1.8681373615228916,-4.746926333948885
-1.2054129571024501,6.794895457937142,-1.854265593422759,-4.8216518284098004
-1.2239556130366778,6.7466789396530435,-1.8400141077680783,-4.895822452146711
-1.2423557541143586,6.6977207151315765,-1.8253863032448023,-4.9694230164574344
-1.2606096171468066,6.648026484967002,-1.8103858914737183,-5.0424384685872266
-1.2787134760615437,6.59760210028113,-1.7950168943915419,-5.114853904246175
-1.2966636450054592,6.5464535612386685,-1.7792836409846162,-5.186654580021837
-1.3144564814153052,6.49458701543845,-1.7631907633780024,-5.257825925661221
-1.3320883890490853,6.4420087561818375,-1.746743192285108,-5.328353556196341
-1.3495558209719365,6.388725220619874,-1.7299461518253616,-5.398223283887746
-1.36685528249019,6.334742987780997,-1.7128051537198,-5.46742112996076
-1.3839833340273882,6.280068776481389,-1.6953259908767622,-5.535933336109553
-1.4009365939361558,6.224709443120294,-1.67751473038218,-5.603746375744623
-1.4177117412399776,6.1686719793628475,-1.6593777059111934,-5.67084696495991
-1.4343055182990896,6.111963509713249,-1.6409215095800065,-5.737222073196358
-1.4507147333948895,6.054591288981285,-1.6221529832589936,-5.802858933579558
-1.4669362632274794,5.99656269964549,-1.6030792093700847,-5.8677450529099175
-1.4829670553211802,5.937885249116391,-1.5837075011933708,-5.931868221284721
-1.4988041303331139,5.878566566903544,-1.5640453927096674,-5.9952165213324555
-1.5144445842602106,5.818614401690219,-1.544100628007461,-6.057778337040842
-1.5298855905402853,5.75803661831981,-1.5238811502841976,-6.119542362161141
-1.5451244020431272,5.696841194698199,-1.5033950904732925,-6.180497608172509
-1.5601583529478602,5.635036218616474,-1.482650755529482,-6.240633411791441
-1.5749848605031551,5.572629884498559,-1.4616566164062563,-6.2999394420126205
-1.5896014266672176,5.5096304900784325,-1.440421295760043,-6.35840570666887
-1.6040056396248181,5.446046433011744,-1.418953555416587,-6.4160225584992725
-1.618195175178984,5.381886207426751,-1.397262283635593,-6.472780700715936
-1.63216779801534,5.317158400419592,-1.3753564822101214,-6.52867119206136
-1.6459213628374412,5.251871688498978,-1.353245253437503,-6.583685451349765
-1.6594538153718161,5.186034833985481,-1.330937786998632,-6.6378152614872645
-1.6727631932418026,5.119656681370608,-1.308443346782426,-6.69105277296721
-1.6858476267096267,5.0527461536409355,-1.2857712576919986,-6.743390506838507
-1.6987053392865468,4.9853122485725505,-1.2629308924686926,-6.794821357146187
-1.7113346482112337,4.917364035001088,-1.2399316585695541,-6.845338592844935
-1.7237339647969292,4.848910649072639,-1.2167829851331242,-6.894935859187717
-1.7359017946482604,4.779961290480762,-1.193494310067558,-6.943607178593042
-1.747836737748936,4.710525218694832,-1.1700750672940867,-6.991346950995744
-1.759537488421877,4.640611749184874,-1.1465346741777178,-7.038149953687508
-1.7710028351636542,4.570230249647999,-1.122882519175807,-7.084011340654617
-1.7822316603554123,4.499390136241453,-1.0991279497337945,-7.128926641421649
-1.7932229398527502,4.428100869827237,-1.0752802604559242,-7.172891759411001
-1.8039757424573093,4.356371952233126,-1.0513486815772237,-7.215902969829237
-1.8144892292730814,4.2842129225348335,-1.0273423677613895,-7.257956917092326
-1.8247626529506953,4.2116333533639105,-1.0032703872475204,-7.299050611802781
-1.8347953568231705,4.138642847245883,-0.9791417113668952,-7.339181427292682
-1.8445867739368396,4.065251032972957,-0.9549652044491812,-7.378347095747358
-1.8541364259813313,3.991467562015483,-0.9307496141356251,-7.416545703925325
-1.8634439221226875,3.9173021049762298,-0.9065035621149204,-7.45377568849075
-1.8725089577438367,3.8427643480913223,-0.882235535295566,-7.490035830975347
-1.8813313130967924,3.767863989781569,-0.8579538774266606,-7.525325252387169
-1.889910851871059,3.6926107372576973,-0.8336667811772016,-7.559643407484236
-1.898247519682831,3.617014303182855,-0.8093822806821125,-7.592990078731324
-1.906341342489652,3.541084402395542,-0.7851082445613913,-7.625365369958608
-1.914192424935266,3.464830748695956,-0.7608523694169863,-7.656769699741064
-1.9218009486294358,3.3882630516985452,-0.7366221738102581,-7.687203794517743
-1.9291671703675384,3.3113910137533678,-0.712424992721188,-7.7166686814701535
-1.9362914202947503,3.234224326938666,-0.6882679724888585,-7.745165681179001
-1.943174100019639,3.156772670126876,-0.6641580662311544,-7.772696400078556
-1.9498156806819504,3.0790457061260903,-0.6401020297401273,-7.799262722727802
-1.9562167009793516,3.001053078898812,-0.6161064178480373,-7.8248668039174065
-1.962377765157832,2.922804410859638,-0.5921775812577303,-7.849511060631328
-1.9682995409704094,2.844309300253325,-0.5683216638297397,-7.8731981638816375
-1.9739827576087068,2.7655773186145085,-0.544544600317314,-7.895931030434827
-1.97942820361188,2.6866180083101603,-0.5208521145394716,-7.91771281444752
-1.9846367247572747,2.607440880165685,-0.49724971798117157,-7.938546899029099
-1.9896092219370864,2.5280554111753943,-0.47374270880876584,-7.958436887748346
-1.994346649025174,2.448471042297911,-0.45033617128806763,-7.977386596100696
-1.9988500107380547,2.3686971763369042,-0.4270349755916187,-7.995400042952219
-2.0031203604939707,2.288743175907382,-0.4038437779810906,-8.012481441975883
-2.0071587982737817,2.2086183614876234,-0.3807670213501748,-8.028635193095127
-2.0109664684872834,2.1283320095566722,-0.35780893611284514,-8.043865873949134
-2.014544557848412,2.047893350817181,-0.33497354142145497,-8.058178231393647
-2.0178942932626263,1.9673115685032443,-0.31226464669883464,-8.071577173050505
-2.0210169397296145,1.8865957967727391,-0.2896858534682891,-8.084067758918458
-2.023913798264297,1.8057551191835546,-0.26724055746524134,-8.095655193057189
-2.0265862038389497,1.7247985672529826,-0.24493195101416276,-8.106344815355799
-2.0290355233490915,1.6437351190994247,-0.22276302565440803,-8.116142093396366
-2.031263153605636,1.562573698165461,-0.2007365749985982,-8.125052614422543
-2.033270519355622,1.4813231720212356,-0.17885519780729964,-8.133082077422488
-2.035059071333695,1.3999923512470107,-0.15712130126389168,-8.14023628533478
-2.0366302843463338,1.318589988393663,-0.1355371044337202,-8.146521137385335
-2.037985655390671,1.2371247770198095,-0.11410464189189096,-8.151942621562684
-2.03912670180959,1.1556053508041826,-0.0928257675043439,-8.15650680723836
-2.0400549594846336,1.074040282731799,-0.07170215834719196,-8.160219837938534
-2.0407719810681053,0.9924380843524137,-0.050735318749680236,-8.163087924272421
-2.041279334255602,0.9108072051096894,-0.029926584446523186,-8.165117337022409
-2.0415786001000673,0.8291560317394653,-0.009277126825813442,-8.16631440040027
-2.0416713713683254,0.7474928877354626,0.011212042740848888,-8.166685485473302
-2.041559250940917,0.6658260328807296,0.031540068498874946,-8.166237003763667
-2.041243850255928,0.584163662843093,0.05170624585422648,-8.164975401023712
-2.040726787797386,0.5025139088328558,0.071710016871839255,-8.162907151189543
-2.0400096876286673,0.4208848373209604,0.09155096574026561,-8.16003875051467
-2.039094177971265,0.3392844498158137,0.11122881421334573,-8.15637671188506
-2.0379818898291315,0.2577206826969631,0.13074341703917564,-8.151927559316526
-2.0366744556587397,0.1762014071037978,0.15009475738610117,-8.146697822634959
-2.0351735080848785,0.09473442887744822,0.16928294227492988,-8.140694032339514
-2.033480678662129,0.01332748855405308,0.1883081980260075,-8.133922714648516
-2.031597596681869,-0.06801173859243209,0.20717086572927795,-8.126390386727476
-2.029525888024576,-0.14927564245970687,0.22587139674491136,-8.118103552098304
-2.027267174057127,-0.23045667798068992,0.24441034824156468,-8.109068696228508
-2.0248230705747114,-0.31154736494297497,0.26278837877883066,-8.099292282298846
-2.0221951867869232,-0.39254028776596345,0.2810062439399228,-8.088780747147693
-2.019385124347524,-0.4734280952374404,0.29906479202015657,-8.077540497390096
-2.0163944764273225,-0.5542035002113413,0.31696495977631367,-8.06557790570929
-2.013224826829559,-0.6348592792684342,0.3347077682415065,-8.052899307318237
-2.0098777491471442,-0.7153882723416166,0.35229431860971683,-8.039510996588577
-2.006354805961047,-0.7957833823075023,0.3697257881937427,-8.025419223844189
-2.00265754807911,-0.8760375745459442,0.38700342645988217,-8.01063019231644
-1.998787513814511,-0.9561438764691086,0.40412855114226615,-7.995150055258044
-1.9947462283030883,-1.036095377021689,0.4211025444393814,-7.978984913212353
-1.9905352028586945,-1.1158852261538126,0.4379268492949507,-7.962140811434778
-1.986155934365745,-1.1955066342681604,0.45460296576498876,-7.94462373746298
-1.981609904708095,-1.2749528716427903,0.4711324474725184,-7.92643961883238
-1.9768985802333698,-1.354217267831114,0.4875168981511185,-7.907594320933479
-1.9720234112518586,-1.4332932110404488,0.5037579682781718,-7.888093645007435
-1.966985831569077,-1.5121741474905233,0.5198573517984009,-7.867943326276308
-1.9617872580510929,-1.5908535807532864,0.5358167829380163,-7.8471490322043715
-1.9564290902217127,-1.6693250710753302,0.5516380331095472,-7.825716360886851
-1.9509127098906172,-1.7475822346841987,0.5673229079071943,-7.803650839562469
-1.9452394808115452,-1.8256187430798234,0.5828732441923282,-7.780957923246181
-1.939410748369622,-1.9034283223122852,0.5982909072685485,-7.757642993478488
-1.9334278392969364,-1.9810047522470702,0.6135777881455358,-7.733711357187746
-1.9272920614154812,-2.0583418658189476,0.6287358008907509,-7.709168245661925
-1.9210047034065736,-2.135433548275567,0.6437668800678804,-7.684018813626294
-1.9145670346058947,-2.21227373641183,0.6586729782607728,-7.658268138423579
-1.907980304823287,-2.2888564177960657,0.6734560636814835,-7.631921219293148
-1.9012457441864723,-2.365175629988997,0.688118117860919,-7.604982976745889
-1.8943645630078632,-2.441225459756456,0.7026611334204624,-7.577458252031453
-1.8873379516736586,-2.517000042276771,0.7170871119228635,-7.549351806694634
-1.88016708055443,-2.5924935603437174,0.7313980618005845,-7.52066832221772
-1.8728530999364241,-2.6677002435658945,0.7455959963597204,-7.4914123997456965
-1.8653971399728269,-2.7426143675633514,0.7596829318575333,-7.461588559891307
-1.8578003106542516,-2.8172302531622644,0.7736608856515919,-7.431201242617006
-1.8500637017977357,-2.8915422655884346,0.7875318744184439,-7.400254807190943
-1.8421883830535513,-2.965544813660344,0.8012979124397146,-7.368753532214205
-1.834175403929154,-3.039232348982486,0.8149610099534816,-7.336701615716616
-1.8260257938296192,-3.112599365139652,0.8285231715687504,-7.304103175318477
-1.8177405621139318,-3.185640396892837,0.8419863947408324,-7.270962248455727
-1.8093206981665235,-3.2583500193773944,0.8553526683054052,-7.237282792666094
-1.8007671714834694,-3.3307228473040555,0.868623971069034,-7.203068685933878
-1.792080931772779,-3.402753534163394,0.8818022704539152,-7.168323727091116
-1.78326290906824,-3.474436771434305,0.8948895211946124,-7.13305163627296
-1.7743140138562938,-3.5457672877970348,0.9078876640845519,-7.097256055425175
-1.7652351372154482,-3.6167398483512865,0.9207986247700575,-7.060940548861793
-1.7560271509677476,-3.6873492538399044,0.9336243125897117,-7.024108603870991
-1.7466909078418504,-3.757590339878614,0.9463666194568481,-6.986763631367402
-1.737227241647282,-3.8274579761922882,0.9590274187829972,-6.948908966589128
-1.727636967459452,-3.8969470658581793,0.9716085644401291,-6.910547869837808
-1.7179208818150509,-3.9660525445565575,0.9841118897595595,-6.8716835272602035
-1.7080797629174553,-4.03476937982916,0.9965392065654133,-6.832319051669821
-1.6981143708518012,-4.103092570345858,1.0088923042405644,-6.792457483407205
-1.6880254478093955,-4.17101714517993,1.021172948823008,-6.752101791237582
-1.6778137183211654,-4.238538163092306,1.0333828821306412,-6.711254873284662
-1.667479889499859,-4.305650711825153,1.0455238209124755,-6.669919557999436
-1.6570246512907343,-4.372349907405147,1.057597456024327,-6.628098605162937
-1.6464486767304911,-4.438630893456777,1.0696054516270748,-6.5857947069219644
-1.6357526222142205,-4.504488840525997,1.0815494444056057,-6.543010488856882
-1.6249371277701643,-4.569918945414566,1.0934310428066145,-6.499748511080657
-1.6140028173420982,-4.634916430525372,1.105251826293451,-6.456011269368393
-1.6029502990791638,-4.699476543219056,1.1170133446162593,-6.411801196316655
-1.591780165633001,-4.763594555182222,1.1287171170956838,-6.367120662532004
-1.5804929944620443,-4.827265761807542,1.1403646319184635,-6.321971977848177
-1.5690893481428596,-4.8904854815860235,1.1519573454432714,-6.276357392571438
-1.557569774688427,-4.953249055511738,1.1634966815152046,-6.230279098753708
-1.5459348078732749,-5.0155518464992745,1.1749840307873607,-6.1837392314930995
-1.5341849675654013,-5.077389238814206,1.1864207500479913,-6.136739870261605
-1.5223207600649213,-5.138756637516822,1.1978081615517526,-6.089283040259685
-1.5103426784494038,-5.19964946791942,1.2091475523536293,-6.041370713797615
-1.4982512029258674,-5.260063175057396,1.2204401736441315,-5.99300481170347
-1.4860468011894261,-5.31999322317443,1.2316872400844332,-5.9441872047577045
-1.4737299287885819,-5.379435095222007,1.2428899291401359,-5.8949197151543276
-1.4613010294971804,-5.43838429237355,1.2540493804124084,-5.845204117988722
-1.4487605356930564,-5.496836333553437,1.2651666949652811,-5.795042142772226
-1.4361088687434036,-5.554786754981159,1.2762429346479285,-5.744435474973614
-1.4233464393969244,-5.612231109730896,1.2872791214108115,-5.693385757587698
-1.4104736481828164,-5.669164967306773,1.2982762366145977,-5.641894592731266
-1.3974908858166704,-5.725583913234085,1.309235220330828,-5.589963543266681
-1.3843985336133622,-5.781483548666752,1.3201569706333391,-5.537594134453449
-1.3711969639070287,-5.836859490011286,1.3310423428794986,-5.484787855628115
-1.3578865404782337,-5.891707368567568,1.3418921489803632,-5.431546161912935
-1.34446761898843,-5.946022830186697,1.3527071566589113,-5.37787047595372
-1.3309405474218408,-5.999801534946235,1.3634880886955592,-5.323762189687363
-1.3173056665348852,-6.053039156843108,1.374235622160213,-5.269222666139541
-1.303563310313283,-6.105731383504504,1.3849503876301652,-5.214253241253132
-1.2897138064369815,-6.157873915917036,1.395632968393198,-5.158855225747926
-1.2757574767530495,-6.209462468174515,1.4062838996353075,-5.103029907012198
-1.2616946377566964,-6.260492767244638,1.4169036676125204,-5.046778551026786
-1.2475256010805713,-6.3109605527549055,1.427492708806333,-4.990102404322285
-1.233250673992508,-6.360861576798128,1.4380514090623615,-4.933002695970032
-1.2188701599018843,-6.410191603757829,1.4485801027118508,-4.875480639607537
-1.2043843588747658,-6.458946410153904,1.4590790716757565,-4.817537435499063
-1.1897935681580083,-6.507121784508894,1.4695485445511796,-4.759174272632033
-1.1750980827124966,-6.554713527235214,1.479988695679995,-4.700392330849986
-1.1602981957556966,-6.601717450543714,1.4903996441995946,-4.641192783022786
-1.1453941993137007,-6.648129378373942,1.5007814530757255,-4.581576797254803
-1.1303863847829434,-6.69394514634649,1.5111341281174955,-4.521545539131774
-1.1152750435017684,-6.739160601737807,1.5214576169746754,-4.461100174007074
-1.1000604673320216,-6.783771603477878,1.5317518081175276,-4.400241869328086
-1.0847429492508462,-6.827774022171159,1.5420165297994577,-4.338971797003385
-1.0693227839528516,-6.871163740141193,1.552251549002887,-4.2772911358114065
-1.0538002684628227,-6.913936651499307,1.5624565703688202,-4.215201073851291
-1.0381757027591345,-6.9560886622378195,1.5726312351106877,-4.152702811036538
-1.0224493904080276,-6.9976156903481845,1.582775119913127,-4.0897975616321105
-1.0066216392088962,-7.038513665964506,1.592887735816481,-4.026486556835585
-0.9906927618507314,-7.078778531532862,1.6029685270878817,-3.9627710474029256
-0.9746630765798526,-7.118406242006891,1.613016870079907,-3.8986523063194105
-0.9585329078790535,-7.157392765070085,1.623032072077901,-3.834131631516214
-0.9423025871582745,-7.195734081385248,1.6330133701371703,-3.769210348633098
-0.9259724534569028,-7.233426184871579,1.6429599299113844,-3.7038898138276113
-0.909542854157789,-7.270465083009856,1.6528708444736322,-3.638171416631156
-0.8930141457130527,-7.306846797176167,1.6627451331317176,-3.572056582852211
-0.8763866943817356,-7.342567363004689,1.6725817402394045,-3.505546777526942
-0.8596608769793415,-7.377622830779958,1.6823795340054593,-3.438643507917366
-0.8428370816392868,-7.412009265859132,1.6921373053024786,-3.3713483265571473
-0.8259157085862621,-7.4457227491247036,1.7018537664776368,-3.3036628343450483
-0.8088971709214857,-7.478759377468154,1.7115275501676286,-3.235588683685943
-0.7917818954198095,-7.511115264305014,1.7211572081202415,-3.167127581679238
-0.7745703233386071,-7.542786540121806,1.7307412100251431,-3.0982812933544284
-0.7572629112383557,-7.573769353055351,1.7402779423566308,-3.0290516449534226
-0.7398601318147894,-7.604059869504885,1.7497657072312514,-2.9594405272591575
-0.7223624747424768,-7.633654274777477,1.7592027212833656,-2.8894498989699073
-0.7047704475296431,-7.662548773767176,1.7685871145619,-2.8190817901185725
-0.6870845763840241,-7.690739591668361,1.777916929451702,-2.7483383055360964
-0.669305407089507,-7.718222974723722,1.7871901196230877,-2.677221628358028
-0.6514335058932762,-7.744995191007303,1.7964045490133427,-2.605734023573105
-0.6334694604031428,-7.771052531243034,1.8055579908441262,-2.533877841612571
-0.6154138804947015,-7.7963913096591595,1.814648126678893,-2.461655521978806
-0.5972673992279125,-7.821007864878948,1.8236725455246365,-2.38906959691165
-0.5790306737726661,-7.844898560848065,1.8326287429824373,-2.3161226950906646
-0.5607043863428418,-7.8680597877989715,1.8415141204514713,-2.2428175453713672
-0.5422892451383271,-7.890487963252685,1.850325984391322,-2.1691569805533084
-0.5237859852944139,-7.912179533058218,1.8590615456476107,-2.0951439411776556
-0.5051953698379378,-7.9331309724699945,1.8677179188461313,-2.020781479351751
-0.4865181906494765,-7.953338787263512,1.8762921218608568,-1.946072762597906
-0.4677552694308679,-7.972799514889491,1.8847810753613388,-1.8710210777234717
-0.44890745867725457,-7.991509725666726,1.893181602445192,-1.7956298347090183
-0.42997564265280264,-8.009466024013816,1.9014904283615104,-1.7199025706112105
-0.41096073836918756,-8.026665049719929,1.9097041803312025,-1.6438429534767502
-0.39186369656587555,-8.043103479254697,1.9178193874703866,-1.5674547862635022
-0.3726855026911717,-8.058778027117333,1.9258324808231044,-1.4907420107646867
-0.35342717788294065,-8.07368544722498,1.9337397935097402,-1.4137087115317626
-0.3340897799478432,-8.087822534340297,1.9415375609976397,-1.336359119791373
-0.3146744043378668,-8.101186125538211,1.9492219215005149,-1.2586976173514672
-0.29518218512286165,-8.113773101711725,1.9567889165133028,-1.1807287404914466
-0.27561429595772863,-8.12558038911664,1.9642344914892178,-1.1024571838309145
-0.25597195104283643,-8.13660496095495,1.9715544966657677,-1.0238878041713457
-0.23625640607617876,-8.146843838996663,1.9787446880465525,-0.945025624304715
-0.21646895919571324,-8.15629409523971,1.9858007285456554,-0.865875836782853
-0.19661095191025668,-8.164952853607538,1.9927181893014287,-0.7864438076410267
-0.1766837700172424,-8.172817291683948,1.9994925511664405,-0.7067350800689696
-0.156688844505578,-8.179884642484637,2.0061192063802755,-0.626755378022312
-0.13662765244177524,-8.18615219626486,2.0125934604318054,-0.546510609767101
-0.11650171783745719,-8.19161730236253,2.0189105341174116,-0.46600687134982877
-0.09631261249628308,-8.196277371076029,2.0250655658015044,-0.3852504499851323
-0.07606195683826802,-8.20012987557588,2.031053613885493,-0.3042478273530721
-0.05575142069941309,-8.20317235384941,2.0368696594911535,-0.22300568279765237
-0.03538272410450156,-8.205402410677387,2.0425086093640847,-0.14153089641800623
-0.01495763801086071,-8.206817719641567,2.047965299002664,-0.05983055204344284
0.005522014979165931,-8.207416025162,2.0532344960175846,0.022088059916663724
0.026054359939341777,-8.207195144562833,2.0583109037266993,0.10421743975736711
0.04663746897660877,-8.20615297016526,2.06318916498949,0.18654987590643507
0.06726936062650367,-8.204287471406195,2.067863866285041,0.2690774425060147
0.08794799928935408,-8.201596696981134,2.0723295420369063,0.3517919971574163
0.10867129470972314,-8.19807877700956,2.076580679187738,0.43468517883889257
0.12943710150160054,-8.19373192522117,2.08061172202597,0.5177484060064022
0.15024321872186025,-8.188554441161106,2.0844170772662314,0.600972874887441
0.17108738949452257,-8.18254471241223,2.0879911193845175,0.6843495579780903
0.19196730068836776,-8.175701216832449,2.091328196208434,0.767869202753471
0.2128805826504521,-8.168022524804915,2.0944226347620924,0.8515223306018084
0.233824808998073,-8.159507301498897,2.097268747364446,0.935299235992292
0.25479749647171746,-8.150154309138975,2.0998608379790227,1.0191899858868698
0.2757961048515077,-8.139962409280106,2.102193208812153,1.1031844194060307
0.2968180369396292,-8.128930565086046,2.104260167155873,1.1872721477585169
0.31786063861118796,-8.11705784360846,2.1060560324707396,1.2714425544447518
0.33892119893589534,-8.104343418064014,2.1075751437028276,1.3556847957435814
0.3599969503729236,-8.090786570106578,2.1088118668281486,1.4399878014916945
0.3810850690412051,-8.076386692091662,2.109760602616709,1.5243402761648204
0.4021826750673722,-8.061143289330014,2.110415794607348,1.6087307002694888
0.4232868330134457,-8.04505598232732,2.110771937283409,1.6931473320537829
0.4443945523862798,-8.028124509006782,2.1108235844382,1.7775782095451191
0.46550278823066177,-8.01034872691133,2.110565357718071,1.862011152922647
0.48660844180784246,-7.991728615382104,2.109991955329809,1.9464337672313698
0.5077083613611405,-7.97226427770979,2.1090981608979225,2.030833445444562
0.5287993429701198,-7.951955943255345,2.1078788524562584,2.115197371880479
0.5498781314946823,-7.93080396953654,2.106329011557267,2.1995125259787294
0.570941421610255,-7.908808844276753,2.104443732481126,2.28376568644102
0.5919858589350662,-7.885971187412343,2.1022182315258484,2.3679434357402647
0.6130080412503246,-7.86229175305494,2.0996478563584313,2.4520321650012984
0.6340045198139089,-7.837771431404927,2.096728095406086,2.5360180792556357
0.6549718007679698,-7.812411250612371,2.0934545872655903,2.619887203071879
0.6759063466406257,-7.786212378581652,2.089823130107883,2.7036253865625026
0.6968045779417045,-7.759176124716027,2.0858296910541205,2.787218311766818
0.7176628748522457,-7.731303941598359,2.0814704154986043,2.8706514994089827
0.7384775790072318,-7.702597426604269,2.0767416363532445,2.953910316028927
0.7592449953707642,-7.67305832344398,2.0716398831875362,3.0369799814830567
0.7799613942026395,-7.6426885236291495,2.0661618912374498,3.119845576810558
0.800623013115014,-7.611490067861044,2.0603046102561398,3.202492052460056
0.8212260592175754,-7.579465147336443,2.054065213178965,3.2849042368703016
0.8417667113493651,-7.5466161049677405,2.0474411045750363,3.3670668453974604
0.8622411223951154,-7.512945436513766,2.0404299288573085,3.4489644895804616
0.8826454216836885,-7.478455791617961,2.0330295782231746,3.530581686734754
0.9029757174659203,-7.443149974750614,2.025238200297565,3.6119028698636813
0.923228099468896,-7.407030946051977,2.017054205450738,3.692912397875584
0.9433986415234034,-7.370101822073221,2.008476273763253,3.7735945660936134
0.9634834042610358,-7.332365876412285,1.9995033616110451,3.8539336170441434
0.9834784378771463,-7.293826540241843,1.9901347078441165,3.933913751508585
1.0033797849555874,-7.254487402726758,1.9803698395330371,4.01351913982235
1.023183483350918,-7.214352211328534,1.9702085772583173,4.092733933403672
1.042885569123501,-7.173424871994498,1.9596510399186808,4.171542276494004
1.062482079522688,-7.131709449229557,1.9486976490353876,4.249928318090752
1.0819690560130417,-7.08921016604865,1.9373491325310024,4.327876224052167
1.1013425473383518,-7.045931403808129,1.9256065279623822,4.405370189353407
1.1205986126179757,-7.001877701914594,1.9134711851891606,4.482394450471903
1.1397333244698673,-6.957053757409875,1.9009447684606289,4.558933297879469
1.1587427721544736,-6.911464424431081,1.8880292579056532,4.6349710886178945
1.1776230647335302,-6.865114713544902,1.8747269504121111,4.710492258934121
1.1963703342376513,-6.8180097909555615,1.861040459884279,4.785481336950605
1.2149807388364942,-6.7701549775860554,1.846972716868633,4.859922955345977
1.2334504660051804,-6.721555748032595,1.8325269675406515,4.9338018640207215
1.251775735680587,-6.672217729392388,1.817706772047381,5.007102942722348
1.2699528034010608,-6.622146699965165,1.8025160022027937,5.079811213604243
1.2879779634230888,-6.571348587829123,1.7869588385352435,5.151911853692355
1.3058475518084411,-6.519829469292199,1.7710397666886692,5.223390207233765
1.3235579494753278,-6.4675955672198615,1.7547635731815445,5.294231797901311
1.3411055852071432,-6.414653249240849,1.7381353405299376,5.364422340828573
1.3584869386124425,-6.361009025832563,1.721160441743406,5.43394775444977
1.3756985430298765,-6.306669548288065,1.7038445342047968,5.502794172119506
1.3927369883719245,-6.25164160656687,1.6861935529473282,5.570947953487698
1.4095989239013977,-6.195932127031993,1.6682137033446145,5.638395695605591
1.426281060934844,-6.139548170075937,1.6499114532314831,5.705124243739376
1.4427801754671588,-6.082496927638543,1.6312935244756006,5.771120701868635
1.4590931107119147,-6.024785720619857,1.612366884021963,5.836372442847659
1.4752167795521343,-5.9664219961913805,1.593138734434278,5.900867118208537
1.491148166896477,-5.907413325009295,1.573616503959121,5.964592667585908
1.5068843319360683,-5.847767398333436,1.55380783614049,6.027537327744273
1.5224224102974733,-5.787492025055993,1.5337205790139858,6.089689641189893
1.537759616087613,-5.726595128644094,1.513362773911332,6.151038464350452
1.5528932438267264,-5.665084744000589,1.492742643907268,6.211572975306906
1.567820670265799,-5.60296901424752,1.471868581942036,6.271282681063196
1.5825393560852195,-5.5402561874368885,1.4507491386536941,6.330157424340878
1.5970468474717563,-5.47695461319348,1.4293930099553533,6.388187389887025
1.6113407775713098,-5.41307273929461,1.407809024393119,6.445363110285239
1.625418867815241,-5.348619108191758,1.3860061303210465,6.501675471260964
1.6392789291184515,-5.283602353479148,1.3639933829297624,6.557115716473806
1.6529188629477491,-5.21803119631441,1.3417799311655865,6.611675451790997
1.666336662259405,-5.1519144417965,1.3193750045770036,6.66534664903762
1.6795304123051749,-5.085260975306124,1.2967879001251583,6.718121649220699
1.6924982913064264,-5.018079758813917,1.2740279689947471,6.7699931652257055
1.7052385709963738,-4.95037982716166,1.2511046034411715,6.820954283985495
1.7177496170307855,-4.882170284321805,1.228027223709196,6.870998468123142
1.7300298892678776,-4.813460299640573,1.2048052650575547,6.92011955707151
1.742077941918453,-4.744259104069858,1.1814481649230242,6.968311767673812
1.7538924235676834,-4.67457598639312,1.1579653502564125,7.0155696942707335
1.7654720770702474,-4.604420289450412,1.134366225061729,7.06188830828099
1.7768157393208648,-4.533801406367602,1.1106601581684894,7.107262957283459
1.7879223409025498,-4.462728776794767,1.0868564712656994,7.151689363610199
1.7987909056152067,-4.3912118831586655,1.0629644272245555,7.195163622460827
1.8094205498874523,-4.319260246934057,1.0389932187353068,7.237682199549809
1.8198104820748053,-4.246883424938559,1.014951957282055,7.279241928299221
1.8299600016476258,-4.174091005655567,0.9908496624775418,7.319840006590503
1.8398684982724012,-4.100892605589662,0.966695251778193,7.359473993089605
1.8495354507901831,-4.027297865658766,0.9424975305978651,7.3981418031607324
1.8589604260961619,-3.9533164476271585,0.918265182836888,7.435841704384647
1.8681430779245307,-3.8789580305833122,0.8940067618411374,7.472572311698123
1.877083145542942,-3.804232307466331,0.8697306818039825,7.508332582171768
1.8857804523609818,-3.729148981644613,0.8454452096220877,7.543121809443927
1.8942349044572027,-3.6537177635501736,0.8211584572141855,7.576939617828811
1.9024464890293444,-3.5779483673718855,0.7968783743100945,7.609785956117378
1.9104152727724453,-3.501850507810712,0.7726127417154542,7.641661091089781
1.9181414001895998,-3.425433896899814,0.7483691650558721,7.672565600758399
1.9256250918401585,-3.34870824089223,0.7241550690024647,7.702500367360634
1.9328666425301833,-3.2716832372186238,0.6999776919791014,7.731466570120733
1.9398664194499742,-3.1943685715174164,0.6758440813500548,7.759465677799897
1.9466248602634748,-3.1167739147394173,0.6517610890852243,7.786499441053899
1.953142471154327,-3.038908920328878,0.627735367898629,7.812569884617308
1.9594198248333132,-2.9607832214827052,0.6037733678544741,7.837679299333253
1.9654575585118579,-2.882406428489373,0.5798813334337872,7.8618302340474315
1.9712563718461957,-2.8037881261488984,0.5560653010533911,7.885025487384783
1.9768170248567296,-2.7249378712750505,0.5323310970278348,7.907268099426918
1.982140335827008,-2.6458651902807815,0.5086843359638527,7.928561343308032
1.9872271791866465,-2.566579576847701,0.4851304195759553,7.948908716746586
1.9920784833824061,-2.4870904896802353,0.4616745359108762,7.9683139335296245
1.996695228741515,-2.407407350344939,0.43832165896781183,7.98678091496606
2.001078445331193,-2.327539541195278,0.4150765487006932,8.004313781324772
2.0052292108181997,-2.2474964033820304,0.39194375138811444,8.020916843272799
2.009148648332081,-2.167287234949302,0.3689276003560188,8.036594593328324
2.012837924335641,-2.086921289016019,0.3460322170378025,8.051351697342565
2.016298246506019,-2.0064077720425932,0.3232615123561289,8.065192986024076
2.01953086162958,-1.9257558421823524,0.30061918841047897,8.07812344651832
2.022537053513685,-1.8449746077171691,0.27810874045424705,8.09014821405474
2.0253181409182273,-1.7640731255766218,0.25573345914506296,8.101272563672909
2.0278754755096777,-1.6830603999398928,0.23349643305196482,8.111501902038711
2.0302104398401974,-1.6019453809195057,0.21140055140304143,8.12084175936079
2.0323244453542277,-1.5207369633258978,0.1894485070572402,8.129297781416911
2.0342189304248,-1.4394439855117287,0.16764279968415047,8.1368757216992
2.0358953584216413,-1.3580752282947368,0.14598573913575652,8.143581433686565
2.037355215812999,-1.2766394139578712,0.1244794489943854,8.149420863251995
2.0386000103029427,-1.1951452053253513,0.10312587028134185,8.15440004121177
2.0396312690057563,-1.1136012049132336,0.08192676531104826,8.158525076023025
2.040450536658867,-1.0320159541530034,0.06088372167585704,8.161802146635468
2.0410593738756257,-0.9503979326866487,0.03999815634709619,8.164237495502503
2.0414593554390965,-0.8687555577316237,0.019271319878324977,8.165837421756386
2.04165206863788,-0.7870971835140599,-0.0012956993027734565,8.16660827455152
2.041639111644852,-0.70543110076854465,-0.021701970526965958,8.166556446579408
2.0414220919395825,-0.6237655363027506,-0.04194671645312925,8.16568836775833
2.041002624775051,-0.5421086526251673,-0.06202930858710326,8.164010499100204
2.04038233168918,-0.4604685476341652,-0.08194926276133474,8.16152932675672
2.0395628390615665,-0.378853254366598,-0.10170623458637182,8.158251356246266
2.038545776715703,-0.29727074080413535,-0.12130001488474422,8.154183106862812
2.0373327765668554,-0.21572890973550723,-0.14073052511721829,8.149331106267422
2.035925471315683,-0.13423559867283302,-0.15999781281088066,8.143701885262733
2.0343254931875743,-0.05279857982020569,-0.17910204699795895,8.137301972750297
2.0325344727175945,0.028574439907297286,-0.19804351367375553,8.130137890870378
2.030554037580857,0.10987581881600107,-0.2168226112815376,8.122216150323428
2.0283858114680418,0.19109798031923536,-0.2354398462316964,8.113543245872167
2.026031413005725,0.27223341277795704,-0.25389582846198233,8.1041256520229
2.023492454721105,0.353274669298186,-0.27219126704510066,8.09396981888442
2.020770542050654,0.43421436748703024,-0.2903269658494719,8.083082168202615
2.0178672723921594,0.5150451891690564,-0.30830381925846356,8.071469089568637
2.0147842341995745,0.5957598800647428,-0.3261228079529411,8.059136936798298
2.0115230061200453,0.6763512494327257,-0.34378499476152585,8.046092024480181
2.00808515617243,0.7568121696775275,-0.36129152058249947,8.03234062468972
2.004472240966605,0.8371355759244247,-0.3786436003808864,8.01788896386642
2.0006858049627962,0.9173144655630889,-0.39584251926381847,8.002743219851185
1.9967273797701581,0.9973418977616008,-0.4128896286369069,7.9869095190806325
1.992598483483789,1.0772109929524072,-0.4297863424439638,7.970393933935156
1.9883006200593494,1.1569149322917587,-0.4465341334920601,7.9532024802373975
1.9838352787244289,1.2364469570941328,-0.4631345298635666,7.9353411148977155
1.9792039334257931,1.3158003682431099,-0.479589111416493,7.916815733703173
1.9744080423116281,1.3949685255801416,-0.49589950637414665,7.897632169246513
1.9694490472478867,1.4739448472726067,-0.5120673880048248,7.877796188991547
1.9643283733678385,1.552722809162522,-0.5280944713919953,7.857313493471354
1.9590474286539186,1.6312959440972357,-0.5439825102951568,7.836189714615674
1.953607603550967,1.7096578412433925,-0.5597332941013252,7.814430414203868
1.9480102706099538,1.7878021453854311,-0.5753486448668769,7.792041082439815
1.942256784161285,1.8657225562098292,-0.5908304144492575,7.76902713664514
1.9363484800167925,1.9434128275762805,-0.6061804817278825,7.74539392006717
1.9302866751995136,2.0208667667769524,-0.6214007499133605,7.721146700798054
1.9240726677003799,2.098078233784933,-0.6364931439440193,7.6962906708015195
1.9177077362609396,2.175041140492948,-0.6514596079685466,7.670830945043758
1.911193140181254,2.251749449943386,-0.6663021029134268,7.644772560725016
1.9045301191521198,2.328197175550636,-0.681022604133724,7.618120476608479
1.8977198931107826,2.4043783803167207,-0.6956230991456422,7.59087957244313
1.8907636621193262,2.480287176041152,-0.7101055854391977,7.563054648477305
1.8836626062649342,2.555917722525925,-0.7244720683692305,7.534650425059737
1.876417885581242,2.6312642267765223,-0.7387245591229157,7.505671542324968
1.8690306399900127,2.706320942199772,-0.7528650727618458,7.476122559960051
1.8615019892623943,2.7810821677993722,-0.7668956263366986,7.446007957049577
1.8538330329990274,2.855542247369868,-0.7808182370724518,7.415332131996109
1.8460248506283028,2.929695568689829,-0.7946349206220474,7.384099402513211
1.8380785014220824,3.0035365627149613,-0.8083476893863807,7.35231400568833
1.8299950245282186,3.0770597027718445,-0.8219585508984479,7.319980098112874
1.8217754390192342,3.1502595037529733,-0.8354695062694653,7.287101756076937
1.8134207439565395,3.2231305213137427,-0.8488825486947472,7.253682975826158
1.804931918469592,3.2956673510720043,-0.8621996620171269,7.219727673878368
1.7963099218494207,3.3678646278107878,-0.8754228193456812,7.185239687397683
1.787555693655964,3.439717024684765,-0.8885539817275331,7.150222774623856
1.7786701538386887,3.5112192524310033,-0.9015950968704926,7.114680615354755
1.7696542028699838,3.582366058584551,-0.9145480979143149,7.078616811479935
1.7605087218908406,3.6531522266993504,-0.9274149022483549,7.0420348875633625
1.7512345728683572,3.723572575574984,-0.9401974103734155,7.004938291473429
1.741832598764623,3.793621958489718,-0.9528975048056043,6.967330395058492
1.732303623716567,3.863295262440303,-0.9655170490200283,6.929214494866268
1.7226484532263666,3.932587407388966,-0.9780578864321852,6.8905938129054665
1.7128678743620447,4.00149334551802,-0.9905218394149287,6.851471497448179
1.7029626559678954,4.070008060492502,-1.0029107083489177,6.811850623871582
1.6929335488844062,4.138126566731218,-1.0152262707044821,6.771734195537625
1.6827812861773614,4.205843908686594,-1.0274702801528777,6.731125144709446
1.6725065833758326,4.273155160133689,-1.0396444657049253,6.69002633350333
1.6621101387187833,4.340055423468722,-1.0517505308750719,6.648440554875133
1.6515926334100326,4.406539829017473,-1.0637901528689404,6.60637053364013
1.640954731881343,4.472603534353874,-1.0757649817924748,6.563818927525372
1.6301970820634184,4.538241723629128,-1.0876766398808235,6.520788328253674
1.61932031566461,4.603449606911665,-1.099526720745141,6.47728126265844
1.6083250484571587,4.66822241953825,-1.11131678863553,6.433300193828635
1.5972118805708035,4.732555421476536,-1.1230483777183788,6.388847522283214
1.5859813967936198,4.796443896699368,-1.1347229913663985,6.343925587174479
1.574634166879956,4.859883152571113,-1.1463421014596968,6.298536667519824
1.563170745865359,4.922868519246311,-1.1579071476962683,6.252682983461436
1.5515916743883964,4.9853953490809255,-1.1694195369103284,6.206366697553586
1.5398974790192932,5.047459016056461,-1.1808806423969465,6.159589916077173
1.5280886725953238,5.109054915217233,-1.1922918032414933,6.112354690381295
1.5161657545629088,5.170178462121046,-1.203654323652443,6.064663018251635
1.5041292113263844,5.230825092303562,-1.2149694722961235,6.016516845305538
1.4919795166034233,5.290990260756618,-1.2262384816320495,5.967918066413693
1.4797171317871027,5.350669441420755,-1.237462547247512,5.918868527148411
1.4673425063146277,5.409858126692239,-1.2486428271901449,5.869370025258511
1.4548560780427262,5.4685518269448234,-1.259780441297234,5.819424312170905
1.4422582736297538,5.526746070066532,-1.2708764705205735,5.769033094519015
1.429549508924548,5.584436401011723,-1.2819319562457228,5.718198035698192
1.4167301893620907,5.641618381368705,-1.2929478996045611,5.666920757448363
1.403800710366045,5.698287588943188,-1.3039252607800853,5.61520284146418
1.3907614577582441,5.75443961735783,-1.3148649583024339,5.5630458310329765
1.3776128081752197,5.81007007566816,-1.3257678683351768,5.510451232700879
1.3643551294918679,5.865174587995169,-1.3366348239509558,5.4574205179674715
1.3509887812523582,5.919748793174843,-1.3474666143956018,5.403955125009433
1.3375141151084022,5.973788344424937,-1.3582639843399145,5.350056460433609
1.323931475265003,6.027288909029274,-1.3690276331183333,5.295725901060012
1.3102411989338199,6.080246168039873,-1.3797582139537812,5.240964795735279
1.296443616794282,6.132655815997226,-1.3904563331680206,5.185774467177128
1.282539053462602,6.184513560668997,-1.4011225493769028,5.130156213850408
1.268527827968833,6.235815122807502,-1.4117573726699633,5.074111311875332
1.2544102542421334,6.286556235926255,-1.4223612637738579,5.0176410169685335
1.2401866416043947,6.33673264609594,-1.4329346331992028,4.960746566417579
1.2258572952724027,6.3863401117601155,-1.4434778403704347,4.903429181089611
1.2114225168686983,6.435374403571012,-1.4539911927383782,4.845690067474793
1.1968826049413146,6.48383130424576,-1.4644749448752603,4.787530419765258
1.1822378554925619,6.531706608443412,-1.47492929755199,4.7289514219702475
1.167488562517042,6.578996122663114,-1.485354396797581,4.669954250068168
1.1526350185490661,6.625695665163796,-1.4957503329406703,4.6105400741962645
1.1376775152196594,6.671801065905759,-1.5061171396331585,4.550710060878638
1.1226163438233279,6.717308166514545,-1.5164547928560754,4.4904653752933115
1.1074517958947672,6.762212820267479,-1.52676320990785,4.429807183579069
1.0921841637956886,6.80651089210327,-1.5370422483752484,4.3687366551827544
1.076813741311936,6.850198258655097,-1.5472917050873294,4.307254965247744
1.0613408242610627,6.893270808307575,-1.5575113150528543,4.245363297044251
1.045765711110534,6.935724441278017,-1.5677007503816758,4.183062844442136
1.0300887036067172,6.977555069722438,-1.5778596191907348,4.120354814426869
1.01431010741481,7.018758617866707,-1.5879874644953826,4.05724042965924
0.9984302327698562,7.0593310221633,-1.598083763086854,3.993720931079425
0.9824493951389877,7.0992682314740945,-1.6081479243968206,3.9297975805559506
0.9663679158950195,7.138566207279654,-1.6181792893500653,3.865471663580078
0.9501861230015188,7.1772209239154545,-1.6281771292064295,3.8007444920060753
0.9339043517094545,7.215228368835516,-1.6381406443933066,3.735617406837818
0.9175229452655215,7.252584542903894,-1.6480689633300687,3.670091781062086
0.9010422556322207,7.289285460714515,-1.657961141245952,3.604169022528883
0.8844626442197612,7.3253271509398035,-1.6678161589930436,3.5378505768790447
0.8677844826298308,7.360705656708594,-1.6776329218561512,3.471137930519323
0.8510081534112692,7.395417036013787,-1.68741025836148,3.404032613645077
0.8341340508276545,7.429457362150237,-1.6971469190861719,3.336536203310618
0.8171625816367928,7.462822724183344,-1.7068415754709205,3.268650326547171
0.8000941658820836,7.4955092274488155,-1.716492818638014,3.2003766635283344
0.7829292376957034,7.527512994084099,-1.726099158217322,3.1317169507828138
0.7656682461135302,7.558830163591927,-1.7356590211828893,3.062672984454121
0.7483116559017013,7.589456893436468,-1.7451707507029721,2.9932466236068054
0.7308599483946716,7.619389359672536,-1.7546326050065042,2.9234397935786864
0.7133136223446066,7.648623757608323,-1.764042756269159,2.8532544893784264
0.695673194781915,7.677156302502108,-1.7733992895223345,2.78269277912766
0.6779392018866917,7.704983230293385,-1.78270020158857,2.7117568075467666
0.6601121998708059,7.732100798368853,-1.7919434000470709,2.6404487994832238
0.6421927658703352,7.758505286363685,-1.8011267022331952,2.568771063481341
0.6241814988480033,7.784192996998499,-1.8102478342759447,2.4967259953920133
0.6060790205052439,7.809160256952419,-1.8193044301776635,2.4243160820209755
0.5878859762034673,7.833403417772629,-1.828294030940349,2.351543904813869
0.5696030358940638,7.8569188568207675,-1.8372140837431394,2.278412143576255
0.5512308950566324,7.87970297825653,-1.8460619411757357,2.2049235802265295
0.532770275644875,7.901752214058796,-1.854834860532688,2.1310811025795
0.5142219270395482,7.92306302508459,-1.8635300031736497,2.0568877081581927
0.49558662700781164,7.943631902166172,-1.8721444339548783,1.9823465080312466
0.47686518266826283,7.9634553672464845,-1.8806751207374326,1.9074607306730513
0.4580584314608885,7.9825299745532154,-1.8891189339776737,1.832233725843554
0.43916724212111174,8.00085231181165,-1.8974726464058425,1.756668968484447
0.42019251565705334,8.018419001496495,-1.9057329327986376,1.6807700626282134
0.401135186329067,8.035226702122777,-1.9138963698518552,1.604540745316268
0.38199622263054844,8.05127210957594,-1.9219594361592964,1.5279848905221938
0.36277662826895546,8.066551958481162,-1.929918512304271,1.4511065130758218
0.3434774431459128,8.08106302361192,-1.937769881070137,1.373909772583651
0.3240997443352114,8.094802121337757,-1.9455097277764197,1.2963989773408455
0.3046446470574472,8.107766111111166,-1.9531341407471454,1.2185785882297888
0.2851133056499757,8.119951896993465,-1.9606391119180901,1.140453222599903
0.26550691453079484,8.131356429219464,-1.9680205375897055,1.0620276581231793
0.2458267091548978,8.141976705800696,-1.9752742193325188,0.9833068366195912
0.22607396696157261,8.151809774166892,-1.9823958650518205,0.9042958678462905
0.20625000831105442,8.160852732845356,-1.9893810902184552,0.8250000332442177
0.18635619740886986,8.169102733177798,-1.9962254192724942,0.7454247896354794
0.16639394321614492,8.176556981074153,-2.00292428720653,0.6655757728645797
0.1463647003440796,8.1832127388028,-2.0094730413352404,0.5854588013763184
0.1262699699307272,8.189067326816563,-2.0158669432577843,0.5050798797229088
0.10611130049814936,8.194118125613793,-2.0221011710194303,0.42444520199259744
0.08589028878795506,8.198362577633718,-2.0281708214786827,0.34356115515182023
0.06560858057316823,8.201798189185237,-2.034070912885948,0.26243432229267294
0.04526787144430876,8.204422532408163,-2.0397963876795604,0.18107148577723503
0.024869907567513155,8.206233247265935,-2.045342115504726,0.09947963027005262
0.0044164864124658955,8.207228043568636,-2.0507028964606238,0.017665945649863582
-0.016090542552140343,8.207404703025134,-2.055873464580569,-0.06436217020856137
-0.036649277197946036,8.206761081323048,-2.060848491549762,-0.14659710879178414
-0.057257762113443654,8.20529511023513,-2.0656225906647165,-0.22903104845377462
-0.07791398802009082,8.203004799750593,-2.070190321038003,-0.3116559520803633
-0.09861589123047085,8.19988824022979,-2.074546192051431,-0.3944635649218834
-0.11936135315098516,8.19594360458057,-2.078684668060244,-0.47744541260394063
-0.1401481998315876,8.191169150454531,-2.08260017335032,-0.5605927993263504
-0.16097420156509082,8.185563222461267,-2.0862870973497065,-0.6438968062603633
-0.18183707253858788,8.179124254398664,-2.0897398000951726,-0.7273482901543515
-0.2027344705395396,8.17185077149712,-2.0929526179537103,-0.8109378821581584
-0.22366399671907672,8.163741392675538,-2.0959198695981653,-0.8946559868763069
-0.24462319541505836,8.154794832806775,-2.098635862235359,-0.9784927816602335
-0.26560955403741193,8.145009904990173,-2.1010948980842277,-1.0624382161496477
-0.2866205030182542,8.134385522828676,-2.103291281100603,-1.1464820120730168
-0.3076534158292602,8.122920702707946,-2.1052193239443344,-1.2306136633170408
-0.32870560906870355,8.110614566074775,-2.106873355183498,-1.3148224362748142
-0.3497743426205385,8.097466341712027,-2.1082477267294326,-1.399097370482154
-0.37085681988783287,8.083475368007205,-2.109336821495321,-1.4834272795513315
-0.3919501881027861,8.068641095211692,-2.1101350612699825,-1.5678007524111444
-0.41305153871548594,8.05296308768758,-2.110636914797459,-1.6522061548619438
-0.43415790786346053,8.036441026138961,-2.110836906051888,-1.7366316314538421
-0.4552662769239794,8.019074709824423,-2.110729622696031,-1.8210651076959177
-0.47637357315093976,8.000864058747464,-2.1103097247107128,-1.905494292603759
-0.4974766703980469,7.981809115821426,-2.1095719531812924,-1.9899066815921875
-0.5185723899298598,7.961910049005504,-2.108511139226146,-2.074289559719439
-0.5396575013221212,7.94116715340831,-2.107122213051031,-2.158630005288485
-0.5607287234526315,7.919580853355425,-2.105400213112074,-2.242914893810526
-0.5817827255837522,7.89715170441732,-2.103340295369029,-2.327130902335009
-0.6028161285374425,7.87388039539397,-2.100937742609381,-2.41126451414977
-0.6238255059635363,7.849767750252472,-2.0981879738228177,-2.495302023854145
-0.6448073857017644,7.82481473001393,-2.095086553604598,-2.5792295428070577
